time_stamp	px_state	py_state	v_state	yaw_angle_state	yaw_rate_state	sensor_type	NIS	px_measured	py_measured	px_ground_truth	py_ground_truth	vx_ground_truth	vy_ground_truth
1477010443000000	0.312243	0.58034	0	0	0	lidar	0	0.312243	0.58034	0.6	0.6	5.19994	0
1477010443050000	0.735374	0.629505	7.20296	-6.53128e-18	1.59291e-17	radar	74.6929	0.862916	0.534212	0.859997	0.600045	5.19975	0.00179686
1477010443100000	1.1605	0.494945	7.20603	-0.127198	-0.011855	lidar	0.221036	1.17385	0.481073	1.11998	0.600225	5.19943	0.00538996
1477010443150000	1.25803	0.53308	7.19127	0.122748	0.0306271	radar	1.82493	0.969149	0.397513	1.37996	0.600629	5.19898	0.0107781
1477010443200000	1.61581	0.595361	7.20474	0.161552	0.0462246	lidar	0.167448	1.65063	0.62469	1.6399	0.601347	5.19839	0.0179597
1477010443250000	1.85111	0.561869	6.0113	0.0253557	-0.233686	radar	7.70451	1.62331	0.499091	1.89982	0.60247	5.19766	0.0269323
1477010443300000	2.163	0.591235	6.01091	0.0400558	-0.177923	lidar	0.253988	2.18882	0.648739	2.1597	0.604086	5.19678	0.0376932
1477010443350000	2.3789	0.637121	5.60874	0.0557731	-0.342802	radar	6.305	1.96701	0.557117	2.41954	0.606284	5.19573	0.0502389
1477010443400000	2.65628	0.654192	5.60609	0.0444913	-0.320824	lidar	0.00854268	2.65526	0.66598	2.67932	0.609155	5.1945	0.0645654
1477010443450000	2.92275	0.647738	5.54092	-0.00343844	-0.474832	radar	0.429099	2.92034	0.645898	2.93904	0.612786	5.19309	0.080668
1477010443500000	3.15875	0.643289	5.49688	-0.0168378	-0.439725	lidar	1.20462	3.01222	0.637046	3.19869	0.617267	5.19147	0.0985415
1477010443550000	3.44423	0.539329	5.5288	-0.16513	-0.852988	radar	1.26783	3.56096	0.485311	3.45825	0.622685	5.18963	0.11818
1477010443600000	3.74733	0.427131	5.59424	-0.283635	-1.07318	lidar	2.07616	3.89365	0.311793	3.71772	0.62913	5.18754	0.139576
1477010443650000	4.02824	0.511168	5.55513	-0.147118	-0.551133	radar	4.16011	4.19786	0.698311	3.97708	0.636689	5.18519	0.162724
1477010443700000	4.3022	0.50305	5.5375	-0.140134	-0.467778	lidar	0.378434	4.30935	0.578564	4.23632	0.645449	5.18256	0.187614
1477010443750000	4.56313	0.538358	5.45895	-0.100533	-0.33261	radar	2.12372	4.61908	0.68951	4.49542	0.655498	5.17962	0.214238
1477010443800000	4.75348	0.644069	5.30185	-0.000783469	-0.0906076	lidar	13.0365	4.35143	0.899174	4.75437	0.666921	5.17634	0.242587
1477010443850000	5.00604	0.642265	5.23934	-0.00958046	-0.1008	radar	2.02151	5.20901	0.66599	5.01315	0.679804	5.1727	0.272649
1477010443900000	5.30654	0.640121	5.28724	-0.0150112	-0.101302	lidar	2.38184	5.51894	0.648233	5.27175	0.694234	5.16867	0.304413
1477010443950000	5.56431	0.647998	5.29972	-0.00887273	-0.0804132	radar	1.70901	5.22834	0.639362	5.53013	0.710295	5.16422	0.337868
1477010444000000	5.85742	0.665104	5.33104	0.000229017	-0.0585401	lidar	1.53907	6.022	0.708619	5.78828	0.728072	5.15932	0.372999
1477010444050000	6.10077	0.591132	5.27402	-0.053575	-0.141646	radar	3.77654	5.89392	0.373584	6.04618	0.747647	5.15393	0.409793
1477010444100000	6.35682	0.705212	5.24771	0.0216976	-0.0152485	lidar	4.04964	6.34249	0.948833	6.30379	0.769103	5.14803	0.448233
1477010444150000	6.608	0.7361	5.2107	0.0358029	0.00615418	radar	0.734426	6.62134	0.836138	6.5611	0.792523	5.14157	0.488305
1477010444200000	6.85548	0.735684	5.19675	0.0306635	-0.00147417	lidar	0.309214	6.78214	0.714036	6.81808	0.817988	5.13452	0.52999
1477010444250000	7.1002	0.718526	5.12858	0.0147659	-0.0248638	radar	3.26635	7.29121	0.630741	7.07469	0.845578	5.12685	0.573269
1477010444300000	7.32149	0.803234	5.08284	0.059387	0.0371875	lidar	3.39901	7.13735	0.957217	7.3309	0.875373	5.11851	0.618123
1477010444350000	7.61071	0.814459	5.16358	0.0588922	0.0344315	radar	4.0505	8.08349	0.819605	7.58668	0.907449	5.10946	0.664531
1477010444400000	7.86036	0.794304	5.15479	0.0420434	0.0105865	lidar	0.523017	7.80533	0.719126	7.84199	0.941886	5.09966	0.712469
1477010444450000	8.1113	0.811338	5.10901	0.044936	0.0124222	radar	2.49869	8.40453	0.884557	8.0968	0.978759	5.08907	0.761915
1477010444500000	8.34889	0.830095	5.08839	0.0497144	0.0178259	lidar	0.537734	8.24796	0.840322	8.35106	1.01814	5.07766	0.812843
1477010444550000	8.61507	0.916854	5.15319	0.0884754	0.0662809	radar	6.94013	8.45858	1.41118	8.60472	1.06011	5.06537	0.865226
1477010444600000	8.85181	0.976774	5.13086	0.110549	0.0896583	lidar	0.934126	8.74615	1.04858	8.85775	1.10473	5.05216	0.919037
1477010444650000	9.13908	1.01474	5.18019	0.118316	0.0932629	radar	6.65579	9.8809	1.1419	9.1101	1.15208	5.03798	0.974245
1477010444700000	9.3758	1.04925	5.15631	0.125402	0.0965187	lidar	0.74679	9.25579	1.04913	9.36172	1.20223	5.0228	1.03082
1477010444750000	9.65311	1.12065	5.20065	0.147725	0.117612	radar	4.55272	10.1016	1.52474	9.61255	1.25524	5.00656	1.08873
1477010444800000	9.92409	1.24896	5.2274	0.19531	0.16829	lidar	3.27308	10.0484	1.44598	9.86254	1.31118	4.98922	1.14794
1477010444850000	10.174	1.33845	5.18689	0.223169	0.193658	radar	4.71755	10.5377	1.72555	10.1117	1.37011	4.97074	1.20841
1477010444900000	10.3995	1.42103	5.15881	0.245762	0.209962	lidar	1.287	10.2492	1.45907	10.3598	1.4321	4.95106	1.2701
1477010444950000	10.6334	1.50706	5.0921	0.270275	0.230456	radar	4.1676	10.9084	1.70343	10.6069	1.49721	4.93014	1.33298
1477010445000000	10.8602	1.54068	5.06269	0.266651	0.212489	lidar	1.32531	10.7313	1.45265	10.853	1.56549	4.90794	1.39701
1477010445050000	11.1243	1.59226	5.09417	0.267324	0.199155	radar	1.81013	11.4783	1.42876	11.0979	1.637	4.8844	1.46213
1477010445100000	11.402	1.63948	5.12717	0.264545	0.18292	lidar	1.84055	11.587	1.61462	11.3416	1.71179	4.85948	1.52832
1477010445150000	11.6343	1.69834	5.08803	0.271767	0.181998	radar	0.944352	11.4763	1.53917	11.584	1.78992	4.83313	1.59551
1477010445200000	11.8649	1.76384	5.07055	0.280463	0.181779	lidar	0.399608	11.7788	1.74591	11.8251	1.87144	4.80531	1.66366
1477010445250000	12.1188	1.85304	5.11381	0.295379	0.187077	radar	1.35576	12.136	2.14937	12.0647	1.95639	4.77598	1.73273
1477010445300000	12.3618	1.88287	5.09714	0.283869	0.161758	lidar	0.710016	12.3226	1.78353	12.3029	2.04482	4.74508	1.80265
1477010445350000	12.6164	1.94334	5.13099	0.283919	0.150045	radar	0.987028	12.5457	1.77728	12.5394	2.13677	4.71257	1.87338
1477010445400000	12.8167	2.07786	5.10047	0.324728	0.191068	lidar	3.37491	12.5924	2.17509	12.7743	2.23227	4.67842	1.94485
1477010445450000	13.0809	2.1831	5.17506	0.339166	0.193113	radar	3.60574	13.2198	2.6644	13.0075	2.33137	4.64258	2.01701
1477010445500000	13.2838	2.32457	5.14982	0.378318	0.229332	lidar	2.5659	13.0875	2.40708	13.2388	2.43409	4.605	2.08981
1477010445550000	13.4663	2.47181	5.0623	0.42433	0.277427	radar	10.8593	12.7087	3.12439	13.4682	2.54047	4.56565	2.16317
1477010445600000	13.7147	2.58698	5.08815	0.43989	0.279063	lidar	0.834695	13.836	2.62479	13.6955	2.65053	4.52448	2.23703
1477010445650000	13.9346	2.7014	5.07133	0.458291	0.285903	radar	0.218855	13.8302	2.73893	13.9208	2.7643	4.48147	2.31134
1477010445700000	14.1624	2.8541	5.09285	0.489546	0.305951	lidar	0.602659	14.2106	2.94205	14.1439	2.88179	4.43656	2.38601
1477010445750000	14.4109	2.96155	5.1453	0.490128	0.282167	radar	1.56093	14.5568	2.87021	14.3646	3.00303	4.38974	2.46099
1477010445800000	14.6187	3.03569	5.09821	0.486295	0.261557	lidar	2.23018	14.4616	2.90734	14.583	3.12802	4.34097	2.5362
1477010445850000	14.8486	3.18637	5.14685	0.508142	0.267631	radar	3.88589	14.6754	3.96041	14.7989	3.25679	4.29021	2.61157
1477010445900000	15.0548	3.37793	5.16717	0.552271	0.304081	lidar	1.16761	15.0261	3.5067	15.0122	3.38932	4.23744	2.68703
1477010445950000	15.266	3.54403	5.16112	0.583873	0.327043	radar	2.50797	15.3685	4.14761	15.2228	3.52563	4.18263	2.76249
1477010446000000	15.4787	3.73065	5.18813	0.618182	0.347918	lidar	0.708109	15.5236	3.82936	15.4306	3.66572	4.12575	2.83789
1477010446050000	15.6907	3.86502	5.17803	0.627924	0.339033	radar	0.95778	15.7234	3.4105	15.6355	3.80957	4.06678	2.91315
1477010446100000	15.9123	4.00839	5.18462	0.637875	0.330567	lidar	0.234358	15.9774	4.00094	15.8375	3.95719	4.00571	2.98817
1477010446150000	16.1082	4.17382	5.15184	0.66628	0.352174	radar	1.77716	16.3376	4.21632	16.0363	4.10854	3.94251	3.0629
1477010446200000	16.3056	4.36763	5.17401	0.6975	0.367806	lidar	0.404886	16.3313	4.44499	16.2319	4.26363	3.87716	3.13723
1477010446250000	16.5156	4.53107	5.18827	0.710048	0.359281	radar	0.655994	16.7586	4.48231	16.4242	4.42242	3.80966	3.21109
1477010446300000	16.6946	4.69998	5.17169	0.731047	0.363251	lidar	0.462481	16.6039	4.67344	16.613	4.5849	3.74	3.28438
1477010446350000	16.8475	4.89843	5.10402	0.780133	0.416799	radar	4.70543	16.9236	5.10119	16.7983	4.75103	3.66817	3.35704
1477010446400000	17.0126	5.12129	5.12751	0.819674	0.438259	lidar	0.547583	16.9955	5.21099	16.9799	4.92077	3.59416	3.42897
1477010446450000	17.1819	5.29577	5.10003	0.840558	0.441786	radar	1.8045	17.3421	4.64623	17.1579	5.09409	3.51797	3.50008
1477010446500000	17.3428	5.47628	5.08376	0.860567	0.43979	lidar	0.237003	17.2894	5.43542	17.3319	5.27094	3.4396	3.57028
1477010446550000	17.4978	5.65148	5.04335	0.882976	0.447109	radar	3.38238	17.6463	4.74597	17.5019	5.45128	3.35907	3.63949
1477010446600000	17.6935	5.77506	5.00273	0.870535	0.407684	lidar	2.02054	17.7853	5.62476	17.6679	5.63506	3.27637	3.70762
1477010446650000	17.8349	5.97738	4.97421	0.906397	0.435522	radar	1.2399	17.9216	6.07151	17.8297	5.82221	3.19151	3.77458
1477010446700000	18.011	6.1635	4.98238	0.917274	0.422639	lidar	0.718709	18.1263	6.16985	17.9872	6.01269	3.10453	3.84027
1477010446750000	18.1588	6.37334	4.991	0.942685	0.428077	radar	0.640216	18.1245	6.79027	18.1402	6.20641	3.01542	3.90462
1477010446800000	18.2815	6.6062	5.00648	0.979722	0.445829	lidar	0.458157	18.2164	6.66138	18.2888	6.40332	2.92421	3.96753
1477010446850000	18.4117	6.82259	5.00262	1.00891	0.457248	radar	0.256882	18.4022	7.02231	18.4328	6.60333	2.83093	4.0289
1477010446900000	18.5618	6.96088	4.93395	1.00374	0.426649	lidar	2.45766	18.5422	6.76013	18.572	6.80638	2.7356	4.08867
1477010446950000	18.71	7.16774	4.9564	1.01358	0.406513	radar	0.578473	18.8089	7.24388	18.7064	7.01237	2.63825	4.14672
1477010447000000	18.9087	7.30514	4.91815	0.990467	0.357571	lidar	4.25445	19.1441	7.18344	18.8359	7.22122	2.53893	4.20299
1477010447050000	18.9948	7.51525	4.86411	1.03447	0.401455	radar	4.26567	18.5479	7.4012	18.9604	7.43283	2.43767	4.25737
1477010447100000	19.0872	7.77074	4.89799	1.07671	0.426211	lidar	0.961441	19.0138	7.8688	19.0798	7.64712	2.3345	4.3098
1477010447150000	19.2069	7.98011	4.89639	1.09264	0.418242	radar	0.306513	19.3089	7.67375	19.1939	7.86397	2.22949	4.36017
1477010447200000	19.2873	8.19355	4.87367	1.12237	0.428735	lidar	1.47877	19.132	8.12845	19.3028	8.08329	2.12266	4.40842
1477010447250000	19.3855	8.40604	4.8713	1.13893	0.417313	radar	2.32723	19.0239	8.17194	19.4062	8.30497	2.01409	4.45445
1477010447300000	19.4816	8.55625	4.78328	1.14345	0.400718	lidar	4.3709	19.347	8.30741	19.5042	8.5289	1.90381	4.49819
1477010447350000	19.5709	8.76868	4.76449	1.16818	0.41099	radar	0.644064	19.6843	8.35902	19.5966	8.75494	1.7919	4.53956
1477010447400000	19.7342	8.93979	4.73978	1.15171	0.369861	lidar	4.31529	20.0039	8.8906	19.6835	8.983	1.67841	4.57848
1477010447450000	19.8055	9.16488	4.72317	1.18719	0.398436	radar	1.04025	19.6061	9.48659	19.7645	9.21294	1.56341	4.61488
1477010447500000	19.9376	9.38422	4.74336	1.19031	0.379182	lidar	2.84834	20.1574	9.45949	19.8398	9.44463	1.44697	4.64869
1477010447550000	19.9806	9.61076	4.70758	1.2379	0.42743	radar	2.82538	19.6163	9.76606	19.9093	9.67795	1.32916	4.67984
1477010447600000	20.0696	9.84482	4.72732	1.25612	0.423534	lidar	0.611797	20.1573	9.90876	19.9728	9.91275	1.21005	4.70826
1477010447650000	20.1294	10.0925	4.75878	1.28196	0.422959	radar	7.01578	19.1911	11.5493	20.0303	10.1489	1.08972	4.73389
1477010447700000	20.1786	10.3584	4.80049	1.31629	0.436766	lidar	0.740016	20.166	10.4687	20.0818	10.3863	0.968259	4.75666
1477010447750000	20.1935	10.5962	4.77696	1.36536	0.480726	radar	3.00786	19.6775	10.803	20.1271	10.6247	0.845742	4.77652
1477010447800000	20.2531	10.8635	4.82378	1.38974	0.479995	lidar	1.87308	20.371	11.0109	20.1663	10.864	0.722256	4.7934
1477010447850000	20.2822	11.1181	4.84662	1.41831	0.481048	radar	4.85549	19.4335	12.3402	20.1993	11.1041	0.597892	4.80727
1477010447900000	20.3167	11.3556	4.84392	1.44176	0.480466	lidar	0.00303271	20.3164	11.3483	20.2261	11.3449	0.472738	4.81807
1477010447950000	20.2614	11.6059	4.81401	1.52044	0.569418	radar	10.8476	19.2063	12.2418	20.2466	11.5861	0.346889	4.82575
1477010448000000	20.3336	11.8453	4.82238	1.52414	0.542259	lidar	4.70335	20.6141	11.9422	20.2608	11.8275	0.220439	4.83027
1477010448050000	20.3596	12.0792	4.83083	1.52864	0.497107	radar	3.65448	19.966	11.9688	20.2687	12.0692	0.093487	4.83159
1477010448100000	20.3476	12.3612	4.88392	1.56479	0.507558	lidar	1.09907	20.3263	12.4966	20.2701	12.3108	-0.0338694	4.82968
1477010448150000	20.2971	12.6008	4.86004	1.62436	0.566982	radar	3.29911	20.0192	12.4823	20.2652	12.5522	-0.161529	4.82451
1477010448200000	20.322	12.8405	4.85703	1.63651	0.549733	lidar	1.81471	20.498	12.8924	20.254	12.7933	-0.28939	4.81605
1477010448250000	20.3087	13.0731	4.8422	1.66363	0.553423	radar	2.11442	20.9151	12.2555	20.2363	13.0339	-0.417348	4.80428
1477010448300000	20.2731	13.2885	4.80869	1.69392	0.557338	lidar	1.0808	20.1943	13.1688	20.2122	13.2738	-0.545298	4.78918
1477010448350000	20.2341	13.5236	4.80797	1.72047	0.550804	radar	1.29653	19.858	13.5236	20.1818	13.5129	-0.673135	4.77072
1477010448400000	20.2143	13.78	4.83173	1.74101	0.542583	lidar	1.26396	20.3245	13.8896	20.1449	13.7509	-0.800753	4.74892
1477010448450000	20.1578	14.0085	4.81834	1.77815	0.561477	radar	0.876491	20.3387	13.5307	20.1017	13.9878	-0.928043	4.72374
1477010448500000	20.1033	14.2614	4.84316	1.8068	0.561269	lidar	0.328554	20.1216	14.337	20.0521	14.2233	-1.0549	4.69521
1477010448550000	20.0313	14.4905	4.83937	1.83849	0.563718	radar	1.39226	19.6717	14.4038	19.9962	14.4573	-1.18121	4.66331
1477010448600000	19.9239	14.7421	4.87632	1.88124	0.577854	lidar	1.23085	19.781	14.773	19.934	14.6897	-1.30687	4.62805
1477010448650000	19.8571	14.9611	4.8598	1.89827	0.553764	radar	3.39998	20.1149	14.0165	19.8655	14.9202	-1.43177	4.58944
1477010448700000	19.8252	15.181	4.831	1.90821	0.536128	lidar	2.14803	20.0208	15.2053	19.7908	15.1486	-1.55581	4.54751
1477010448750000	19.6918	15.392	4.81765	1.98457	0.633873	radar	7.92892	20.0157	15.3443	19.7099	15.3749	-1.67887	4.50226
1477010448800000	19.6601	15.5846	4.75455	1.99322	0.611796	lidar	3.69363	19.9131	15.554	19.6229	15.5989	-1.80085	4.45372
1477010448850000	19.5651	15.7916	4.74173	2.0199	0.604338	radar	1.37407	19.9388	15.0864	19.5298	15.8203	-1.92164	4.40193
1477010448900000	19.4619	16.0039	4.74098	2.04901	0.603213	lidar	0.0107939	19.4748	16.0098	19.4307	16.039	-2.04114	4.3469
1477010448950000	19.3599	16.2132	4.7376	2.06469	0.571801	radar	1.84325	19.1556	16.0022	19.3257	16.2549	-2.15925	4.28868
1477010449000000	19.2498	16.3917	4.6988	2.09474	0.574635	lidar	0.792328	19.238	16.2719	19.2148	16.4679	-2.27586	4.22731
1477010449050000	19.1308	16.5896	4.69324	2.12454	0.577624	radar	0.289464	19.4007	16.2962	19.0981	16.6777	-2.39087	4.16284
1477010449100000	19.0021	16.7972	4.7072	2.15293	0.576657	lidar	0.0951747	19.0029	16.8387	18.9757	16.8841	-2.50418	4.0953
1477010449150000	18.8449	16.9891	4.72062	2.21182	0.639858	radar	6.49015	18.8373	17.7112	18.8477	17.0872	-2.61571	4.02476
1477010449200000	18.6749	17.2189	4.79043	2.24564	0.639446	lidar	1.74376	18.6148	17.3832	18.7142	17.2866	-2.72534	3.95127
1477010449250000	18.5717	17.4242	4.77388	2.23031	0.548363	radar	6.12838	18.8177	17.0316	18.5752	17.4822	-2.83299	3.87489
1477010449300000	18.3605	17.6123	4.82154	2.27722	0.566866	lidar	3.83313	18.1023	17.5529	18.4309	17.674	-2.93858	3.79568
1477010449350000	18.2243	17.8039	4.81308	2.28043	0.516348	radar	2.40506	18.2749	17.4877	18.2814	17.8617	-3.042	3.71372
1477010449400000	18.0919	17.9905	4.79922	2.29694	0.507238	lidar	0.905139	18.2094	18.0461	18.1268	18.0453	-3.14318	3.62906
1477010449450000	17.9159	18.1459	4.7878	2.3401	0.539986	radar	1.9756	18.3021	17.498	17.9671	18.2246	-3.24204	3.5418
1477010449500000	17.7821	18.2912	4.73139	2.36193	0.536343	lidar	1.13738	17.9018	18.2183	17.8026	18.3994	-3.3385	3.45199
1477010449550000	17.6478	18.4734	4.71854	2.36893	0.507823	radar	6.68913	18.8558	18.1364	17.6334	18.5697	-3.43247	3.35973
1477010449600000	17.4556	18.6522	4.75497	2.39666	0.509195	lidar	0.448709	17.3845	18.7039	17.4595	18.7353	-3.5239	3.26509
1477010449650000	17.2743	18.7942	4.74262	2.43167	0.526222	radar	1.76619	17.7945	18.0801	17.281	18.8962	-3.61271	3.16817
1477010449700000	17.1117	18.9318	4.70981	2.45622	0.525285	lidar	0.360658	17.1762	18.8863	17.0983	19.0521	-3.69883	3.06904
1477010449750000	16.9445	19.1021	4.71618	2.468	0.503644	radar	3.04157	16.9398	19.7311	16.9113	19.203	-3.78221	2.9678
1477010449800000	16.7282	19.217	4.71587	2.50845	0.519332	lidar	2.7014	16.5734	19.052	16.7201	19.3488	-3.86278	2.86455
1477010449850000	16.5386	19.3698	4.73034	2.53223	0.520646	radar	3.22813	16.1674	20.2201	16.5251	19.4894	-3.9405	2.75938
1477010449900000	16.3167	19.5281	4.78145	2.55789	0.518906	lidar	0.855324	16.2338	19.6171	16.3262	19.6246	-4.01531	2.65237
1477010449950000	16.0933	19.6119	4.76629	2.60867	0.556085	radar	10.075	16.4366	18.2742	16.1237	19.7545	-4.08716	2.54364
1477010450000000	15.889	19.755	4.78607	2.62895	0.547833	lidar	0.778021	15.9243	19.8703	15.9176	19.8789	-4.15602	2.43329
1477010450050000	15.6996	19.8802	4.7634	2.63413	0.502536	radar	3.21496	16.2328	19.2166	15.7082	19.9978	-4.22185	2.32141
1477010450100000	15.4716	20.031	4.81603	2.6521	0.493703	lidar	1.38821	15.4332	20.1836	15.4956	20.111	-4.28461	2.2081
1477010450150000	15.2618	20.1719	4.83463	2.66329	0.473616	radar	5.71226	14.3677	21.3406	15.2799	20.2185	-4.34427	2.09347
1477010450200000	15.0719	20.3045	4.82475	2.67472	0.461344	lidar	1.83927	15.2016	20.4385	15.0613	20.3203	-4.4008	1.97763
1477010450250000	14.8419	20.3869	4.82427	2.71204	0.483081	radar	2.13404	14.7476	19.9571	14.84	20.4162	-4.4542	1.86068
1477010450300000	14.6262	20.5062	4.83535	2.72871	0.475185	lidar	0.646271	14.6665	20.6088	14.6161	20.5063	-4.50443	1.74272
1477010450350000	14.3908	20.5927	4.85016	2.7648	0.499598	radar	1.30513	13.841	21.0031	14.3897	20.5904	-4.55149	1.62386
1477010450400000	14.1445	20.6671	4.86523	2.79689	0.506503	lidar	0.74873	14.0521	20.5924	14.1611	20.6686	-4.59537	1.50421
1477010450450000	13.9083	20.738	4.87245	2.83219	0.526689	radar	0.38563	13.8232	20.859	13.9304	20.7408	-4.63606	1.38386
1477010450500000	13.6359	20.8012	4.91544	2.86695	0.534229	lidar	1.82053	13.4686	20.7253	13.6977	20.807	-4.67357	1.26294
1477010450550000	13.3884	20.8319	4.92106	2.91997	0.583739	radar	2.41234	13.8263	20.4261	13.4632	20.8671	-4.70789	1.14153
1477010450600000	13.1414	20.8742	4.92409	2.95275	0.587331	lidar	0.167285	13.1072	20.8294	13.2271	20.9211	-4.73904	1.01975
1477010450650000	12.9097	20.9324	4.91806	2.97451	0.57797	radar	1.75253	13.2669	21.1579	12.9895	20.969	-4.76702	0.897694
1477010450700000	12.7061	20.9785	4.87254	2.99643	0.572262	lidar	1.84808	12.8729	21.0592	12.7506	21.0108	-4.79186	0.775469
1477010450750000	12.4547	21.0185	4.89169	3.0248	0.574196	radar	2.59212	11.5171	21.6724	12.5106	21.0465	-4.81358	0.653175
1477010450800000	12.2078	21.0561	4.90236	3.04934	0.569521	lidar	0.159591	12.2062	21.11	12.2695	21.0761	-4.83219	0.530912
1477010450850000	11.969	21.0759	4.89984	3.08057	0.577913	radar	0.948469	12.3859	21.1066	12.0276	21.0996	-4.84773	0.408778
1477010450900000	11.7246	21.0476	4.88419	3.12376	0.593311	lidar	1.88505	11.6814	20.8651	11.785	21.117	-4.86022	0.286869
1477010450950000	11.4774	21.0342	4.88408	3.15927	0.600232	radar	1.08162	11.5265	20.6748	11.5418	21.1283	-4.86971	0.165281
1477010451000000	11.2591	21.0287	4.8508	3.18757	0.599606	lidar	0.673776	11.363	21.0688	11.2982	21.1335	-4.87623	0.0441057
1477010451050000	11.0052	20.9901	4.86113	3.22721	0.610212	radar	4.14465	10.5558	20.5567	11.0544	21.1327	-4.87982	-0.076565
1477010451100000	10.7923	20.9528	4.81942	3.26233	0.616585	lidar	0.596288	10.8903	20.927	10.8105	21.1259	-4.88053	-0.196643
1477010451150000	10.5441	20.952	4.81356	3.26755	0.567664	radar	5.60477	9.30535	21.3896	10.5666	21.1131	-4.8784	-0.31604
1477010451200000	10.2672	20.9782	4.87537	3.2725	0.540466	lidar	3.38588	10.189	21.209	10.3229	21.0943	-4.87349	-0.434674
1477010451250000	10.0282	20.9599	4.87184	3.29153	0.529406	radar	1.02133	9.97958	21.2932	10.0795	21.0697	-4.86585	-0.552463
1477010451300000	9.83075	20.9215	4.81425	3.31917	0.532568	lidar	1.68647	9.99634	20.9797	9.83658	21.0391	-4.85554	-0.669327
1477010451350000	9.59529	20.9134	4.78984	3.3173	0.48047	radar	2.38881	9.38223	21.111	9.59422	21.0028	-4.84262	-0.785189
1477010451400000	9.39945	20.8615	4.73653	3.34629	0.487347	lidar	1.11678	9.53921	20.8762	9.35258	20.9607	-4.82714	-0.899977
1477010451450000	9.17653	20.8207	4.72666	3.3679	0.485618	radar	1.49687	9.63392	20.9724	9.11177	20.9128	-4.80919	-1.01362
1477010451500000	8.88963	20.7875	4.80374	3.37946	0.470006	lidar	2.10621	8.70331	20.8221	8.87192	20.8594	-4.78881	-1.12605
1477010451550000	8.67331	20.7086	4.78561	3.41344	0.484227	radar	4.45956	9.84634	20.009	8.63315	20.8003	-4.76608	-1.2372
1477010451600000	8.40141	20.6239	4.84384	3.44078	0.486073	lidar	2.73697	8.22277	20.4839	8.39557	20.7358	-4.74108	-1.34701
1477010451650000	8.17294	20.5438	4.84635	3.46981	0.494565	radar	0.0957114	8.29647	20.4978	8.1593	20.6657	-4.71387	-1.45542
1477010451700000	7.93184	20.4636	4.86349	3.49296	0.492448	lidar	0.127521	7.88599	20.45	7.92445	20.5903	-4.68453	-1.56237
1477010451750000	7.71567	20.3773	4.86411	3.52599	0.512721	radar	3.4952	8.29081	20.6565	7.69111	20.5096	-4.65313	-1.66781
1477010451800000	7.41322	20.3188	4.96127	3.52849	0.485486	lidar	3.57566	7.18029	20.392	7.45939	20.4237	-4.61975	-1.7717
1477010451850000	7.18264	20.2217	4.96056	3.55099	0.480808	radar	0.222398	7.09214	20.1196	7.22939	20.3326	-4.58448	-1.87399
1477010451900000	6.91959	20.1394	5.00442	3.56277	0.466581	lidar	0.788225	6.81542	20.1859	7.00119	20.2364	-4.54738	-1.97462
1477010451950000	6.6951	20.0475	4.99167	3.57895	0.454841	radar	0.469055	6.89359	20.1536	6.7749	20.1352	-4.50854	-2.07357
1477010452000000	6.44696	19.9568	5.01707	3.5917	0.443544	lidar	0.396591	6.38914	20.0137	6.55059	20.0292	-4.46805	-2.17079
1477010452050000	6.23041	19.8629	5.00174	3.60905	0.439122	radar	2.81601	6.67637	20.2142	6.32834	19.9183	-4.42598	-2.26625
1477010452100000	5.96832	19.77	5.04615	3.61629	0.422378	lidar	0.924341	5.86119	19.8306	6.10823	19.8027	-4.38241	-2.35993
1477010452150000	5.74198	19.6238	5.07937	3.65557	0.454557	radar	2.01635	5.28178	19.5036	5.89034	19.6824	-4.33744	-2.45178
1477010452200000	5.56014	19.5019	5.02924	3.68333	0.46103	lidar	1.23735	5.69089	19.5755	5.67472	19.5577	-4.29114	-2.5418
1477010452250000	5.35914	19.3524	5.02479	3.71678	0.475324	radar	1.73395	5.9506	18.9859	5.46145	19.4284	-4.24359	-2.62995
1477010452300000	5.14385	19.2514	5.0161	3.72633	0.460217	lidar	1.91664	5.17021	19.4397	5.25059	19.2948	-4.19488	-2.71622
1477010452350000	4.95004	19.1395	4.96804	3.73547	0.435403	radar	4.62138	5.87397	19.301	5.04219	19.157	-4.1451	-2.80059
1477010452400000	4.78379	18.9885	4.92616	3.76877	0.448935	lidar	0.701996	4.89149	18.982	4.8363	19.015	-4.09432	-2.88305
1477010452450000	4.57615	18.8384	4.95216	3.79448	0.458753	radar	1.48169	3.98679	19.0452	4.63297	18.8689	-4.04263	-2.96359
1477010452500000	4.39665	18.7066	4.92272	3.81414	0.455888	lidar	1.11546	4.4685	18.834	4.43224	18.7188	-3.99012	-3.0422
1477010452550000	4.21244	18.5646	4.88903	3.8277	0.436506	radar	1.37417	4.69245	18.4634	4.23416	18.5648	-3.93685	-3.11888
1477010452600000	4.08398	18.4086	4.81952	3.86402	0.454268	lidar	2.12164	4.26269	18.481	4.03876	18.4071	-3.88293	-3.19362
1477010452650000	3.90155	18.2362	4.87562	3.90367	0.493829	radar	7.16943	3.42434	18.8357	3.84606	18.2457	-3.82841	-3.26644
1477010452700000	3.65099	18.0953	4.94389	3.89831	0.458552	lidar	2.60813	3.45919	18.167	3.65611	18.0807	-3.77339	-3.33732
1477010452750000	3.4862	17.9443	4.89201	3.91071	0.43644	radar	3.38862	4.3011	17.9267	3.46891	17.9122	-3.71795	-3.40627
1477010452800000	3.26275	17.7776	4.94363	3.91677	0.417492	lidar	1.17309	3.12525	17.7493	3.28449	17.7402	-3.66215	-3.47331
1477010452850000	3.08472	17.5941	4.97963	3.94783	0.440777	radar	2.42079	2.65664	17.888	3.10287	17.565	-3.60609	-3.53844
1477010452900000	2.90434	17.4762	4.94488	3.94766	0.416895	lidar	6.12335	2.9449	17.8154	2.92405	17.3866	-3.54982	-3.60167
1477010452950000	2.76267	17.2601	4.97732	3.99879	0.466776	radar	3.22762	3.26647	17.0897	2.74805	17.2051	-3.49344	-3.66302
1477010453000000	2.58803	17.0749	4.98868	4.01647	0.460197	lidar	0.0793916	2.55407	17.0853	2.57486	17.0205	-3.437	-3.72251
1477010453050000	2.42346	16.908	4.93916	4.01978	0.423937	radar	2.04318	2.55039	16.8884	2.4045	16.833	-3.38059	-3.78014
1477010453100000	2.25883	16.7356	4.93314	4.03268	0.414803	lidar	0.510998	2.25371	16.8334	2.23695	16.6427	-3.32428	-3.83595
1477010453150000	2.08523	16.5401	4.93267	4.04082	0.3908	radar	5.01786	1.57735	16.0489	2.07221	16.4497	-3.26812	-3.88995
1477010453200000	1.93115	16.3102	4.96495	4.06923	0.400004	lidar	2.26993	1.88972	16.1054	1.91027	16.254	-3.21219	-3.94216
1477010453250000	1.77374	16.1337	4.93136	4.07288	0.372517	radar	1.08881	1.74362	16.2687	1.75112	16.0557	-3.15656	-3.99261
1477010453300000	1.57021	15.9653	4.96059	4.06337	0.340231	lidar	1.79096	1.44745	16.0853	1.59474	15.8549	-3.10129	-4.04132
1477010453350000	1.44397	15.7348	4.99869	4.10534	0.381028	radar	2.02206	1.6097	15.5526	1.44111	15.6517	-3.04644	-4.08832
1477010453400000	1.27243	15.5176	5.03724	4.11626	0.371113	lidar	0.86649	1.18395	15.4284	1.29021	15.4463	-2.99207	-4.13364
1477010453450000	1.1168	15.3245	5.02798	4.12243	0.353569	radar	0.982649	0.828993	15.528	1.14201	15.2386	-2.93825	-4.1773
1477010453500000	0.907548	15.1074	5.09906	4.11631	0.325369	lidar	2.58016	0.722706	15.0075	0.996486	15.0288	-2.88503	-4.21933
1477010453550000	0.760518	14.9261	5.05005	4.11573	0.296153	radar	2.45841	1.03147	15.2134	0.853604	14.8169	-2.83246	-4.25977
1477010453600000	0.654976	14.7109	5.02439	4.14436	0.312131	lidar	0.431442	0.737301	14.7047	0.71333	14.603	-2.78061	-4.29864
1477010453650000	0.543569	14.4703	5.0564	4.18134	0.345866	radar	1.74971	0.722177	14.2445	0.575628	14.3872	-2.72952	-4.33598
1477010453700000	0.370634	14.249	5.09923	4.18199	0.326375	lidar	0.954369	0.253435	14.2029	0.440459	14.1696	-2.67925	-4.37181
1477010453750000	0.251911	13.998	5.16458	4.21952	0.366365	radar	3.24149	-0.0328023	13.9604	0.307779	13.9502	-2.62984	-4.40617
1477010453800000	0.230977	13.7489	5.1026	4.27937	0.414453	lidar	3.55647	0.459172	13.6856	0.177545	13.7292	-2.58135	-4.43909
1477010453850000	0.129171	13.5066	5.13617	4.30843	0.431477	radar	1.08022	0.0524412	13.6377	0.0497099	13.5065	-2.53381	-4.47061
1477010453900000	-0.0361018	13.2771	5.18011	4.30247	0.398872	lidar	1.52201	-0.190344	13.2856	-0.0757753	13.2823	-2.48728	-4.50075
1477010453950000	-0.153701	13.0582	5.14756	4.30684	0.373432	radar	1.03324	-0.275043	13.1456	-0.198962	13.0566	-2.44179	-4.52955
1477010454000000	-0.164212	12.8307	5.07328	4.35921	0.41422	lidar	3.28039	0.0462308	12.9301	-0.319903	12.8295	-2.39739	-4.55704
1477010454050000	-0.282875	12.605	5.04581	4.35746	0.378194	radar	3.54843	-0.684792	12.3563	-0.438654	12.6011	-2.35412	-4.58326
1477010454100000	-0.401369	12.3693	5.06646	4.36252	0.361523	lidar	0.362432	-0.476482	12.3633	-0.555273	12.3714	-2.31202	-4.60823
1477010454150000	-0.52541	12.1602	5.03778	4.35499	0.325549	radar	3.84077	-0.972122	12.5207	-0.669818	12.1404	-2.27111	-4.63198
1477010454200000	-0.604469	11.9399	5.01583	4.37171	0.326587	lidar	0.531193	-0.582624	12.0386	-0.78235	11.9083	-2.23144	-4.65456
1477010454250000	-0.73004	11.7119	5.01834	4.36515	0.295216	radar	2.83431	-1.26757	11.6495	-0.892931	11.6751	-2.19304	-4.67598
1477010454300000	-0.922095	11.4693	5.09108	4.33482	0.241067	lidar	4.22442	-1.17212	11.3988	-1.00163	11.4409	-2.15594	-4.69628
1477010454350000	-1.02819	11.2433	5.04989	4.33003	0.208705	radar	2.98703	-0.891441	10.959	-1.1085	11.2057	-2.12017	-4.71549
1477010454400000	-1.20284	11.0163	5.09176	4.30495	0.167027	lidar	2.33411	-1.39289	11.0424	-1.21362	10.9695	-2.08575	-4.73364
1477010454450000	-1.28243	10.7709	5.11831	4.33118	0.198059	radar	1.24981	-1.29894	10.9012	-1.31706	10.7324	-2.05273	-4.75075
1477010454500000	-1.41087	10.5177	5.15742	4.32902	0.183846	lidar	0.953625	-1.49687	10.4198	-1.41889	10.4945	-2.02111	-4.76686
1477010454550000	-1.49672	10.2562	5.19755	4.35137	0.207068	radar	1.45911	-1.59293	10.0212	-1.51917	10.2559	-1.99093	-4.78198
1477010454600000	-1.59671	10.0451	5.1674	4.35341	0.197981	lidar	1.94917	-1.61875	10.2374	-1.61797	10.0165	-1.96221	-4.79615
1477010454650000	-1.68625	9.81497	5.14404	4.35891	0.189217	radar	0.510869	-1.59702	9.96554	-1.71539	9.77637	-1.93498	-4.80939
1477010454700000	-1.76265	9.59369	5.11391	4.37043	0.191896	lidar	0.796511	-1.73381	9.71347	-1.81147	9.53564	-1.90924	-4.82172
1477010454750000	-1.87048	9.34286	5.15811	4.37685	0.195218	radar	2.57616	-2.27191	9.37316	-1.90631	9.29431	-1.88502	-4.83316
1477010454800000	-1.95125	9.05195	5.21017	4.3938	0.202818	lidar	4.12697	-1.93833	8.77028	-1.99998	9.05243	-1.86233	-4.84374
1477010454850000	-2.0386	8.82827	5.1678	4.3924	0.181817	radar	1.80682	-1.96565	9.13274	-2.09256	8.81003	-1.8412	-4.85347
1477010454900000	-2.13476	8.57647	5.18528	4.39566	0.17493	lidar	0.174202	-2.1768	8.5411	-2.18412	8.56717	-1.82164	-4.86238
1477010454950000	-2.26133	8.32361	5.21985	4.38501	0.151182	radar	2.90898	-2.65862	8.19477	-2.27474	8.32388	-1.80365	-4.87047
1477010455000000	-2.31049	8.08885	5.18424	4.40507	0.165909	lidar	0.732698	-2.21875	8.15339	-2.3645	8.0802	-1.78726	-4.87778
1477010455050000	-2.37619	7.87445	5.13107	4.41198	0.161281	radar	5.48416	-2.273	8.52315	-2.45348	7.83617	-1.77248	-4.8843
1477010455100000	-2.4886	7.6237	5.16114	4.40527	0.144076	lidar	0.724348	-2.59674	7.60288	-2.54177	7.59184	-1.75931	-4.89006
1477010455150000	-2.65108	7.38978	5.16795	4.36431	0.0719862	radar	5.79157	-3.08256	7.38874	-2.62944	7.34723	-1.74777	-4.89507
1477010455200000	-2.75461	7.13394	5.19344	4.36286	0.0660287	lidar	0.37512	-2.79865	7.064	-2.71658	7.10238	-1.73786	-4.89933
1477010455250000	-2.81738	6.89866	5.17792	4.38085	0.0902374	radar	1.60513	-2.79412	7.20818	-2.80326	6.85734	-1.72958	-4.90286
1477010455300000	-2.86213	6.68827	5.1112	4.39714	0.103707	lidar	2.51623	-2.74651	6.86867	-2.88957	6.61214	-1.72295	-4.90566
1477010455350000	-2.93002	6.46431	5.05503	4.39307	0.0768533	radar	4.16672	-2.57673	6.36755	-2.97559	6.36681	-1.71797	-4.90774
1477010455400000	-2.98524	6.22692	5.03612	4.40599	0.0870533	lidar	0.394892	-2.90217	6.22989	-3.0614	6.12139	-1.71464	-4.90911
1477010455450000	-3.10176	5.98052	5.07487	4.3963	0.0735015	radar	3.32957	-3.50172	6.10796	-3.14709	5.87592	-1.71297	-4.90976
1477010455500000	-3.18301	5.70769	5.11557	4.40213	0.0756992	lidar	1.63704	-3.1778	5.53101	-3.23274	5.63043	-1.71295	-4.9097
1477010455550000	-3.29237	5.46093	5.12085	4.38251	0.0331672	radar	2.296	-3.19736	5.19093	-3.31843	5.38496	-1.71458	-4.90893
1477010455600000	-3.38783	5.20047	5.15245	4.38113	0.0297461	lidar	0.586567	-3.43031	5.10507	-3.40424	5.13955	-1.71787	-4.90745
1477010455650000	-3.4558	4.95441	5.15152	4.39349	0.0484509	radar	0.218089	-3.4281	4.94644	-3.49026	4.89422	-1.72281	-4.90525
1477010455700000	-3.56821	4.67859	5.21386	4.38718	0.0391555	lidar	2.19465	-3.69435	4.52196	-3.57657	4.64902	-1.72939	-4.90233
1477010455750000	-3.67763	4.42648	5.22421	4.36778	-0.00202406	radar	2.28629	-3.50501	4.17643	-3.66325	4.40398	-1.73763	-4.89868
1477010455800000	-3.80866	4.1575	5.28551	4.35472	-0.0153283	lidar	2.69522	-4.00238	4.04684	-3.75039	4.15913	-1.74749	-4.8943
1477010455850000	-3.89005	3.91639	5.27536	4.36438	0.0065475	radar	1.14619	-4.06447	4.10977	-3.83806	3.91452	-1.75899	-4.88918
1477010455900000	-3.96324	3.68229	5.24479	4.36884	0.0103234	lidar	0.622312	-3.88053	3.75177	-3.92635	3.67019	-1.77212	-4.8833
1477010455950000	-4.06647	3.47444	5.19689	4.35033	-0.0249371	radar	4.1739	-4.23729	3.88878	-4.01533	3.42616	-1.78686	-4.87666
1477010456000000	-4.15747	3.22973	5.19861	4.3497	-0.0242596	lidar	0.0074142	-4.15119	3.21968	-4.10509	3.18248	-1.8032	-4.86925
1477010456050000	-4.27294	2.97623	5.22719	4.33463	-0.0501218	radar	0.811585	-4.27467	2.88187	-4.19571	2.93919	-1.82113	-4.86104
1477010456100000	-4.36189	2.70379	5.2625	4.33862	-0.0423746	lidar	1.32447	-4.32451	2.55034	-4.28727	2.69633	-1.84065	-4.85202
1477010456150000	-4.44909	2.45406	5.26323	4.34338	-0.0299179	radar	0.178419	-4.38481	2.39989	-4.37985	2.45393	-1.86173	-4.84218
1477010456200000	-4.55294	2.19063	5.29563	4.34194	-0.0286172	lidar	0.692268	-4.61223	2.09192	-4.47352	2.21205	-1.88436	-4.83149
1477010456250000	-4.6634	1.95827	5.28701	4.3174	-0.0799002	radar	4.07001	-4.29257	1.92854	-4.56836	1.97072	-1.90853	-4.81994
1477010456300000	-4.77777	1.68703	5.33591	4.31438	-0.0766243	lidar	1.6355	-4.86829	1.53442	-4.66444	1.72998	-1.93422	-4.80751
1477010456350000	-4.90177	1.43847	5.35821	4.29707	-0.103007	radar	0.623306	-4.98165	1.43611	-4.76186	1.48989	-1.9614	-4.79417
1477010456400000	-4.96207	1.202	5.31068	4.30419	-0.0926896	lidar	4.82916	-4.66779	1.28643	-4.86066	1.25049	-1.99007	-4.7799
1477010456450000	-5.05865	0.982441	5.26698	4.301	-0.0879416	radar	1.08346	-4.98594	1.10894	-4.96095	1.01182	-2.02019	-4.76468
1477010456500000	-5.1205	0.747938	5.2262	4.30761	-0.0785163	lidar	3.94249	-4.85498	0.825661	-5.06277	0.77393	-2.05174	-4.74848
1477010456550000	-5.21342	0.45708	5.29822	4.31251	-0.0727473	radar	5.23073	-4.84736	0.18101	-5.16621	0.536876	-2.08471	-4.73127
1477010456600000	-5.28874	0.2155	5.27593	4.31637	-0.0657997	lidar	1.50842	-5.1231	0.257311	-5.27133	0.300706	-2.11906	-4.71303
1477010456650000	-5.39754	-0.0248663	5.26593	4.32002	-0.0429952	radar	30.3974	-5.99809	-0.290765	-5.3782	0.0654719	-2.15477	-4.69374
1477010456700000	-5.46926	-0.264088	5.2416	4.32534	-0.0359592	lidar	1.62147	-5.29972	-0.212982	-5.4869	-0.168772	-2.1918	-4.67335
1477010456750000	-5.59019	-0.45033	5.17721	4.30179	-0.0681263	radar	4.05363	-5.64447	-0.144522	-5.59748	-0.401971	-2.23014	-4.65185
1477010456800000	-5.72745	-0.637192	5.12577	4.27688	-0.0952757	lidar	2.95064	-5.85359	-0.445801	-5.71001	-0.634069	-2.26974	-4.62919
1477010456850000	-5.8421	-0.864192	5.1444	4.25619	-0.133633	radar	5.44484	-5.30947	-0.724468	-5.82456	-0.865006	-2.31058	-4.60536
1477010456900000	-5.93722	-1.12953	5.18234	4.26367	-0.115272	lidar	1.27918	-5.87835	-1.26863	-5.94118	-1.09472	-2.35262	-4.58032
1477010456950000	-6.02565	-1.39528	5.21507	4.27284	-0.0972042	radar	2.70156	-5.68069	-1.52871	-6.05993	-1.32316	-2.39581	-4.55404
1477010457000000	-6.16426	-1.60294	5.1921	4.25259	-0.116487	lidar	1.15815	-6.27263	-1.50938	-6.18087	-1.55025	-2.44014	-4.52648
1477010457050000	-6.30768	-1.83714	5.24787	4.22242	-0.168734	radar	4.21827	-6.11355	-1.75966	-6.30406	-1.77593	-2.48555	-4.49762
1477010457100000	-6.41341	-2.085	5.26043	4.22422	-0.155904	lidar	0.458195	-6.34007	-2.13685	-6.42954	-2.00014	-2.532	-4.46742
1477010457150000	-6.56504	-2.28875	5.23465	4.2017	-0.172597	radar	3.10533	-6.99344	-2.17445	-6.55738	-2.22281	-2.57946	-4.43585
1477010457200000	-6.71437	-2.49793	5.22183	4.18157	-0.187058	lidar	0.509311	-6.79288	-2.4458	-6.68761	-2.44386	-2.62788	-4.40288
1477010457250000	-6.87036	-2.7103	5.22546	4.15961	-0.20538	radar	1.16267	-7.14408	-2.67584	-6.82029	-2.66323	-2.6772	-4.36847
1477010457300000	-6.96261	-2.97673	5.25683	4.17655	-0.170913	lidar	2.43446	-6.8003	-3.10086	-6.95546	-2.88084	-2.7274	-4.3326
1477010457350000	-7.09177	-3.20077	5.24084	4.1727	-0.160765	radar	0.243776	-7.13937	-3.22028	-7.09316	-3.09663	-2.7784	-4.29523
1477010457400000	-7.21662	-3.39724	5.20037	4.16023	-0.167674	lidar	1.39753	-7.12118	-3.26434	-7.23344	-3.3105	-2.83017	-4.25632
1477010457450000	-7.36273	-3.64335	5.23567	4.15653	-0.160163	radar	4.44926	-7.77186	-4.08999	-7.37632	-3.5224	-2.88265	-4.21586
1477010457500000	-7.52201	-3.78555	5.1509	4.1191	-0.199037	lidar	4.91757	-7.49009	-3.49081	-7.52184	-3.73223	-2.93579	-4.1738
1477010457550000	-7.66676	-3.9944	5.15433	4.10633	-0.205146	radar	0.473672	-7.52393	-3.88213	-7.67004	-3.93992	-2.98953	-4.13012
1477010457600000	-7.8211	-4.22134	5.1773	4.09855	-0.201417	lidar	0.489024	-7.88049	-4.29783	-7.82094	-4.14538	-3.04381	-4.08479
1477010457650000	-7.97222	-4.43913	5.18374	4.0907	-0.197688	radar	0.386643	-8.08524	-4.57834	-7.97457	-4.34854	-3.09857	-4.03778
1477010457700000	-8.13342	-4.6755	5.2201	4.08557	-0.190871	lidar	1.22394	-8.22492	-4.79812	-8.13095	-4.5493	-3.15376	-3.98906
1477010457750000	-8.27306	-4.88042	5.16467	4.08648	-0.167927	radar	2.54514	-8.453	-4.95621	-8.2901	-4.74759	-3.2093	-3.93862
1477010457800000	-8.40586	-5.09933	5.16421	4.08758	-0.156219	lidar	0.284568	-8.33552	-5.1059	-8.45204	-4.94331	-3.26514	-3.88641
1477010457850000	-8.55236	-5.26972	5.08674	4.07557	-0.154643	radar	4.07952	-8.55062	-4.79248	-8.61678	-5.13637	-3.32121	-3.83242
1477010457900000	-8.7435	-5.46757	5.10585	4.05287	-0.172692	lidar	1.70144	-8.91477	-5.51752	-8.78433	-5.32669	-3.37745	-3.77663
1477010457950000	-8.90231	-5.66528	5.0929	4.04429	-0.17043	radar	0.362246	-9.04115	-5.69364	-8.95469	-5.51417	-3.43377	-3.71901
1477010458000000	-9.06005	-5.85186	5.07918	4.03219	-0.175069	lidar	0.165776	-9.03391	-5.80267	-9.12788	-5.69872	-3.49012	-3.65955
1477010458050000	-9.19879	-6.0121	4.99462	4.02383	-0.169607	radar	6.45672	-8.86897	-5.41973	-9.30388	-5.88026	-3.54643	-3.59823
1477010458100000	-9.37887	-6.11716	4.91792	3.98148	-0.212358	lidar	5.1181	-9.30811	-5.82368	-9.4827	-6.05868	-3.60261	-3.53503
1477010458150000	-9.55373	-6.30012	4.92195	3.96821	-0.214877	radar	0.886885	-9.80646	-6.41174	-9.66432	-6.23389	-3.6586	-3.46994
1477010458200000	-9.69457	-6.50732	4.93046	3.97506	-0.193234	lidar	0.478387	-9.62547	-6.55958	-9.84874	-6.4058	-3.71431	-3.40295
1477010458250000	-9.91572	-6.66689	4.97389	3.93723	-0.231059	radar	6.90904	-10.6688	-6.35543	-10.0359	-6.57431	-3.76969	-3.33404
1477010458300000	-10.1193	-6.8295	4.98189	3.91156	-0.248112	lidar	0.62569	-10.2246	-6.83402	-10.2259	-6.73933	-3.82463	-3.26321
1477010458350000	-10.3038	-6.9915	4.98966	3.89317	-0.256996	radar	1.05015	-10.2205	-6.71044	-10.4186	-6.90075	-3.87907	-3.19046
1477010458400000	-10.5328	-7.16908	5.03411	3.86816	-0.270938	lidar	3.50898	-10.7616	-7.29159	-10.614	-7.05849	-3.93293	-3.11577
1477010458450000	-10.7381	-7.31134	5.03448	3.84073	-0.288788	radar	1.93534	-10.8944	-6.83335	-10.8121	-7.21245	-3.98613	-3.03916
1477010458500000	-10.9835	-7.47048	5.07656	3.80925	-0.308609	lidar	3.50859	-11.2219	-7.56979	-11.0128	-7.36252	-4.03859	-2.96062
1477010458550000	-11.1726	-7.6113	5.03991	3.79251	-0.309998	radar	1.26279	-10.986	-7.3707	-11.2161	-7.50862	-4.09021	-2.88015
1477010458600000	-11.3231	-7.76609	4.99861	3.79409	-0.290206	lidar	3.19587	-11.0934	-7.6776	-11.422	-7.65064	-4.14093	-2.79777
1477010458650000	-11.5189	-7.89365	4.96837	3.7726	-0.298826	radar	1.85402	-11.4213	-7.46085	-11.6304	-7.78849	-4.19066	-2.71349
1477010458700000	-11.7004	-7.99861	4.91797	3.7489	-0.310475	lidar	3.1993	-11.5269	-7.8215	-11.8413	-7.92208	-4.23932	-2.6273
1477010458750000	-11.8948	-8.11251	4.85181	3.72663	-0.318624	radar	1.98394	-11.9422	-7.88317	-12.0546	-8.05131	-4.28682	-2.53924
1477010458800000	-12.1109	-8.20304	4.83249	3.69115	-0.342554	lidar	0.804681	-12.09	-8.08828	-12.2702	-8.17609	-4.33309	-2.44932
1477010458850000	-12.3358	-8.33061	4.89626	3.67119	-0.344853	radar	2.60849	-12.4462	-8.02117	-12.4881	-8.29633	-4.37802	-2.35756
1477010458900000	-12.5403	-8.41113	4.85972	3.63997	-0.36243	lidar	1.94194	-12.4231	-8.2599	-12.7082	-8.41193	-4.42156	-2.26399
1477010458950000	-12.7473	-8.49771	4.80114	3.61137	-0.376996	radar	1.82869	-12.7461	-8.19449	-12.9304	-8.5228	-4.4636	-2.16863
1477010459000000	-13.0239	-8.58557	4.85309	3.56874	-0.404186	lidar	4.02168	-13.2911	-8.64594	-13.1547	-8.62886	-4.50407	-2.07151
1477010459050000	-13.2711	-8.68575	4.90361	3.54454	-0.406503	radar	2.74106	-13.7929	-8.47158	-13.381	-8.73002	-4.54289	-1.97267
1477010459100000	-13.4934	-8.73218	4.87219	3.5056	-0.429495	lidar	1.9648	-13.384	-8.57583	-13.6092	-8.82619	-4.57997	-1.87214
1477010459150000	-13.7115	-8.77308	4.79828	3.46411	-0.458817	radar	3.85806	-13.6376	-8.26344	-13.8392	-8.91729	-4.61524	-1.76997
1477010459200000	-13.9375	-8.8832	4.81444	3.45731	-0.439204	lidar	0.858189	-13.9959	-8.99264	-14.0709	-9.00324	-4.64861	-1.6662
1477010459250000	-14.1865	-8.9748	4.88951	3.44497	-0.420914	radar	2.9115	-14.4737	-8.79552	-14.3043	-9.08395	-4.68001	-1.56086
1477010459300000	-14.4094	-9.08574	4.89438	3.4437	-0.397395	lidar	0.649228	-14.4273	-9.1875	-14.5391	-9.15936	-4.70936	-1.45402
1477010459350000	-14.6389	-9.15651	4.8791	3.42362	-0.39924	radar	0.258663	-14.5757	-9.32634	-14.7754	-9.22939	-4.73658	-1.34573
1477010459400000	-14.9233	-9.15394	4.91276	3.36449	-0.444567	lidar	2.03149	-15.062	-9.04396	-15.013	-9.29397	-4.76161	-1.23603
1477010459450000	-15.1805	-9.22767	4.9452	3.34974	-0.434168	radar	4.53481	-15.6189	-9.69365	-15.2517	-9.35302	-4.78436	-1.125
1477010459500000	-15.4435	-9.3424	4.99036	3.35393	-0.402577	lidar	5.36942	-15.6682	-9.56749	-15.4916	-9.40649	-4.80476	-1.01269
1477010459550000	-15.6876	-9.3714	4.95109	3.3188	-0.427198	radar	2.02846	-15.9382	-9.35751	-15.7324	-9.45431	-4.82275	-0.899159
1477010459600000	-15.9444	-9.45579	4.97745	3.31485	-0.406121	lidar	2.15273	-16.0862	-9.59819	-15.9741	-9.49642	-4.83827	-0.784484
1477010459650000	-16.1963	-9.4647	4.95974	3.27598	-0.432332	radar	2.30301	-16.6033	-8.85459	-16.2164	-9.53277	-4.85124	-0.668734
1477010459700000	-16.4482	-9.45884	4.96076	3.23738	-0.452151	lidar	0.512799	-16.4229	-9.37029	-16.4594	-9.5633	-4.8616	-0.55198
1477010459750000	-16.6684	-9.45712	4.90838	3.20421	-0.469962	radar	5.19435	-16.011	-9.33486	-16.7027	-9.58797	-4.8693	-0.434301
1477010459800000	-16.9504	-9.44334	4.95219	3.16501	-0.487047	lidar	1.47024	-17.1132	-9.43043	-16.9464	-9.60673	-4.87427	-0.315773
1477010459850000	-17.2018	-9.50287	4.97761	3.17019	-0.446879	radar	7.875	-16.9255	-10.8571	-17.1903	-9.61954	-4.87646	-0.196479
1477010459900000	-17.4617	-9.52116	4.99258	3.15312	-0.440389	lidar	0.510956	-17.5448	-9.57485	-17.4342	-9.62636	-4.87583	-0.0765024
1477010459950000	-17.7194	-9.51017	4.98904	3.12169	-0.455924	radar	1.70089	-18.1371	-9.39146	-17.6781	-9.62717	-4.87232	0.0440703
1477010460000000	-17.9741	-9.47804	4.99694	3.08777	-0.468548	lidar	0.193666	-17.9724	-9.42299	-17.9216	-9.62194	-4.86588	0.165151
1477010460050000	-18.2188	-9.43951	4.97654	3.04964	-0.492247	radar	0.722972	-18.3083	-9.18778	-18.1648	-9.61064	-4.85648	0.286648
1477010460100000	-18.4235	-9.48389	4.91547	3.05796	-0.45609	lidar	2.34197	-18.2763	-9.60997	-18.4074	-9.59325	-4.84408	0.40847
1477010460150000	-18.6601	-9.47058	4.91743	3.04404	-0.440728	radar	1.6871	-18.2443	-9.58547	-18.6493	-9.56977	-4.82864	0.530522
1477010460200000	-18.9084	-9.46258	4.91981	3.03013	-0.431353	lidar	0.271282	-18.9545	-9.51544	-18.8904	-9.54017	-4.81012	0.652707
1477010460250000	-19.139	-9.42399	4.9143	3.00827	-0.427809	radar	3.95769	-18.6983	-9.02886	-19.1305	-9.50447	-4.78851	0.774927
1477010460300000	-19.3835	-9.306	4.93364	2.95065	-0.468795	lidar	2.98869	-19.2983	-9.09865	-19.3694	-9.46265	-4.76378	0.897083
1477010460350000	-19.6175	-9.22932	4.91547	2.90926	-0.497486	radar	1.14694	-19.7037	-8.79906	-19.6069	-9.41472	-4.73591	1.01907
1477010460400000	-19.868	-9.10769	4.94842	2.85761	-0.527077	lidar	1.31497	-19.8731	-8.96417	-19.8431	-9.36071	-4.70487	1.1408
1477010460450000	-20.105	-9.0068	4.96001	2.8197	-0.538983	radar	4.95464	-20.3815	-7.6755	-20.0775	-9.30061	-4.67066	1.26215
1477010460500000	-20.2838	-9.12974	4.81669	2.87763	-0.447705	lidar	14.9078	-20.1607	-9.59663	-20.3102	-9.23446	-4.63328	1.38303
1477010460550000	-20.5229	-9.08669	4.82408	2.8679	-0.429687	radar	1.54589	-20.4587	-9.7448	-20.5409	-9.16227	-4.59271	1.50334
1477010460600000	-20.7436	-8.99227	4.82192	2.83458	-0.443082	lidar	0.707748	-20.6596	-8.91527	-20.7696	-9.08409	-4.54895	1.62296
1477010460650000	-20.9853	-8.91081	4.83583	2.80843	-0.450128	radar	2.41557	-21.5568	-8.5005	-20.9959	-8.99994	-4.50202	1.74179
1477010460700000	-21.1823	-8.84231	4.7926	2.78939	-0.4473	lidar	1.40468	-21.0195	-8.85081	-21.2198	-8.90987	-4.45191	1.85972
1477010460750000	-21.4155	-8.75352	4.79863	2.76264	-0.456786	radar	1.89395	-21.8628	-8.64129	-21.4412	-8.81393	-4.39865	1.97666
1477010460800000	-21.6099	-8.7273	4.73243	2.76452	-0.430697	lidar	1.98615	-21.5029	-8.87191	-21.6597	-8.71217	-4.34224	2.0925
1477010460850000	-21.8024	-8.58175	4.69971	2.702	-0.497471	radar	6.66704	-21.9514	-7.41274	-21.8754	-8.60465	-4.2827	2.20712
1477010460900000	-22.0057	-8.50653	4.67498	2.68762	-0.48634	lidar	0.302507	-21.9793	-8.57089	-22.0881	-8.49143	-4.22007	2.32043
1477010460950000	-22.2152	-8.39778	4.68788	2.66747	-0.474043	radar	1.92517	-22.1914	-7.70392	-22.2975	-8.37258	-4.15437	2.43232
1477010461000000	-22.4447	-8.30249	4.70568	2.65219	-0.464271	lidar	1.14407	-22.5838	-8.35296	-22.5035	-8.24817	-4.08564	2.5427
1477010461050000	-22.6368	-8.18395	4.68561	2.62047	-0.480079	radar	0.97617	-22.3177	-8.57758	-22.7061	-8.11829	-4.01391	2.65145
1477010461100000	-22.8695	-7.95076	4.79748	2.55546	-0.522466	lidar	5.62207	-22.9861	-7.6724	-22.9049	-7.98301	-3.93923	2.75848
1477010461150000	-23.0603	-7.80041	4.78246	2.50819	-0.565028	radar	3.61803	-23.2693	-8.32031	-23.1	-7.84243	-3.86163	2.8637
1477010461200000	-23.2864	-7.62684	4.8437	2.47442	-0.569217	lidar	2.17534	-23.4777	-7.56583	-23.2911	-7.69663	-3.78118	2.967
1477010461250000	-23.4858	-7.48775	4.85773	2.46437	-0.53332	radar	1.69488	-23.473	-7.02103	-23.4781	-7.54572	-3.69792	3.06828
1477010461300000	-23.6526	-7.34265	4.82839	2.43753	-0.534475	lidar	0.678142	-23.5408	-7.36069	-23.6609	-7.3898	-3.61191	3.16746
1477010461350000	-23.8431	-7.18354	4.84216	2.41627	-0.522685	radar	0.905091	-24.0505	-6.56968	-23.8393	-7.22897	-3.52321	3.26445
1477010461400000	-24.0064	-7.08656	4.76911	2.40977	-0.504129	lidar	2.12885	-23.9384	-7.26171	-24.0132	-7.06336	-3.43189	3.35916
1477010461450000	-24.1738	-6.90446	4.7749	2.37143	-0.524375	radar	1.97172	-24.3577	-5.94086	-24.1825	-6.89307	-3.33801	3.45149
1477010461500000	-24.333	-6.65674	4.83779	2.31689	-0.552654	lidar	3.24943	-24.2574	-6.4352	-24.347	-6.71823	-3.24166	3.54138
1477010461550000	-24.5002	-6.48032	4.8347	2.28432	-0.568424	radar	3.49227	-24.788	-7.18367	-24.5066	-6.53896	-3.14289	3.62873
1477010461600000	-24.6011	-6.33559	4.74382	2.25589	-0.571503	lidar	5.38602	-24.3008	-6.43799	-24.6612	-6.35538	-3.0418	3.71347
1477010461650000	-24.7419	-6.14586	4.74176	2.22438	-0.574893	radar	0.316168	-24.6108	-6.00878	-24.8107	-6.16764	-2.93846	3.79553
1477010461700000	-24.923	-5.94463	4.78902	2.20227	-0.56623	lidar	2.6462	-25.146	-5.91902	-24.955	-5.97587	-2.83295	3.87484
1477010461750000	-25.0536	-5.7402	4.79317	2.17139	-0.565755	radar	1.86137	-24.8975	-5.02285	-25.094	-5.7802	-2.72537	3.95132
1477010461800000	-25.1869	-5.56689	4.7656	2.15049	-0.558932	lidar	0.354385	-25.1941	-5.64372	-25.2276	-5.58079	-2.61581	4.02492
1477010461850000	-25.3399	-5.38154	4.77401	2.14362	-0.521758	radar	1.31744	-25.5328	-5.4399	-25.3556	-5.37777	-2.50435	4.09557
1477010461900000	-25.4827	-5.15964	4.80907	2.11692	-0.521223	lidar	0.60847	-25.5713	-5.10241	-25.4779	-5.1713	-2.39109	4.16322
1477010461950000	-25.6146	-4.98118	4.7897	2.11293	-0.480612	radar	6.41529	-25.0178	-6.55904	-25.5946	-4.96152	-2.27613	4.22781
1477010462000000	-25.7291	-4.80611	4.74856	2.09465	-0.475843	lidar	0.583224	-25.6952	-4.89995	-25.7055	-4.7486	-2.15956	4.2893
1477010462050000	-25.85	-4.60058	4.75244	2.07656	-0.463748	radar	0.235162	-25.8162	-4.40681	-25.8105	-4.53268	-2.04149	4.34764
1477010462100000	-25.961	-4.36038	4.78816	2.0458	-0.470734	lidar	0.525244	-25.9516	-4.26659	-25.9096	-4.31392	-1.92202	4.40279
1477010462150000	-26.0703	-4.13997	4.79017	2.00313	-0.518478	radar	11.0499	-26.8953	-4.43966	-26.0027	-4.0925	-1.80125	4.45471
1477010462200000	-26.1602	-3.86085	4.85868	1.96204	-0.532618	lidar	2.07816	-26.1198	-3.67723	-26.0897	-3.86856	-1.67928	4.50337
1477010462250000	-26.2343	-3.62452	4.85882	1.91169	-0.582757	radar	3.56044	-26.5652	-3.85723	-26.1706	-3.64227	-1.55623	4.54875
1477010462300000	-26.2632	-3.35798	4.87536	1.86028	-0.605492	lidar	4.4432	-25.9974	-3.24722	-26.2453	-3.41381	-1.4322	4.59081
1477010462350000	-26.3127	-3.11444	4.87795	1.81483	-0.633891	radar	0.544198	-26.2976	-3.01078	-26.3138	-3.18332	-1.30729	4.62954
1477010462400000	-26.3377	-2.87707	4.86223	1.77342	-0.644485	lidar	1.40861	-26.1741	-2.87885	-26.376	-2.95098	-1.18162	4.66493
1477010462450000	-26.3958	-2.65004	4.85259	1.75063	-0.629867	radar	1.38945	-26.4681	-3.44967	-26.4319	-2.71697	-1.05529	4.69696
1477010462500000	-26.4731	-2.48902	4.76682	1.74222	-0.60949	lidar	5.76534	-26.674	-2.73852	-26.4815	-2.48143	-0.928411	4.72562
1477010462550000	-26.5283	-2.25377	4.77288	1.72521	-0.583963	radar	0.981246	-26.657	-1.72382	-26.5247	-2.24456	-0.80109	4.75091
1477010462600000	-26.5786	-2.05446	4.73015	1.70593	-0.575385	lidar	1.256	-26.6691	-2.17333	-26.5616	-2.0065	-0.673434	4.77284
1477010462650000	-26.6095	-1.81762	4.73232	1.68607	-0.553203	radar	1.9912	-26.3248	-1.32261	-26.5921	-1.76744	-0.545553	4.79141
1477010462700000	-26.6072	-1.57031	4.74028	1.64822	-0.563427	lidar	1.12138	-26.4671	-1.53207	-26.6161	-1.52753	-0.417552	4.80664
1477010462750000	-26.6045	-1.33876	4.73094	1.60631	-0.590322	radar	1.69737	-26.4998	-2.19526	-26.6338	-1.28695	-0.289538	4.81852
1477010462800000	-26.6079	-1.11184	4.71767	1.57694	-0.59062	lidar	0.0589747	-26.5998	-1.14277	-26.6451	-1.04586	-0.161616	4.8271
1477010462850000	-26.6371	-0.885726	4.71005	1.56167	-0.57217	radar	5.16239	-27.2008	-1.67679	-26.65	-0.804425	-0.0338883	4.83238
1477010462900000	-26.6479	-0.637716	4.73058	1.53827	-0.566107	lidar	0.50774	-26.7355	-0.59539	-26.6485	-0.562811	0.0935412	4.83439
1477010462950000	-26.6353	-0.396288	4.74167	1.50054	-0.589041	radar	2.24227	-26.9891	0.0351487	-26.6406	-0.321181	0.220572	4.83317
1477010463000000	-26.5897	-0.108655	4.81019	1.46057	-0.597657	lidar	2.60968	-26.4553	0.0602653	-26.6264	-0.0796947	0.347104	4.82874
1477010463050000	-26.5703	0.130065	4.81332	1.43131	-0.601959	radar	2.75495	-26.9537	0.136943	-26.6059	0.161489	0.473041	4.82116
1477010463100000	-26.5468	0.416419	4.88154	1.40596	-0.594797	lidar	1.75864	-26.6201	0.57588	-26.5792	0.402213	0.598287	4.81045
1477010463150000	-26.5344	0.653937	4.87217	1.39674	-0.559306	radar	1.77916	-26.8241	0.381506	-26.5462	0.642323	0.722748	4.79667
1477010463200000	-26.5268	0.932203	4.92558	1.38308	-0.542911	lidar	3.12225	-26.7293	1.06082	-26.5069	0.881666	0.846334	4.77986
1477010463250000	-26.489	1.18832	4.93627	1.37565	-0.498003	radar	7.22003	-25.9562	2.60409	-26.4616	1.12009	0.968955	4.76007
1477010463300000	-26.4319	1.42796	4.93436	1.34848	-0.500376	lidar	0.0605354	-26.3986	1.42212	-26.4101	1.35745	1.09053	4.73737
1477010463350000	-26.3932	1.64852	4.901	1.33637	-0.476523	radar	8.32437	-26.5072	-0.563928	-26.3526	1.59361	1.21096	4.71181
1477010463400000	-26.3378	1.86421	4.87032	1.31291	-0.476948	lidar	0.318358	-26.3594	1.79315	-26.2891	1.82841	1.33018	4.68345
1477010463450000	-26.27	2.09554	4.86823	1.28507	-0.485592	radar	0.218185	-26.3475	1.82827	-26.2197	2.06173	1.44811	4.65235
1477010463500000	-26.2071	2.29434	4.82027	1.2615	-0.486004	lidar	0.796359	-26.2502	2.18481	-26.1444	2.29342	1.56467	4.61859
1477010463550000	-26.1445	2.52303	4.81084	1.25064	-0.458234	radar	0.829248	-26.069	2.27896	-26.0633	2.52336	1.67979	4.58223
1477010463600000	-26.0657	2.76367	4.82914	1.22865	-0.456874	lidar	0.109294	-26.0641	2.80701	-25.9765	2.75141	1.79339	4.54334
1477010463650000	-25.971	2.98652	4.83768	1.18817	-0.496517	radar	2.85124	-26.3234	3.02388	-25.8841	2.97746	1.90543	4.502
1477010463700000	-25.8703	3.25937	4.90716	1.1656	-0.492661	lidar	1.5719	-25.8345	3.42005	-25.7861	3.20139	2.01582	4.45828
1477010463750000	-25.7875	3.48835	4.90908	1.14632	-0.488471	radar	2.14737	-26.1824	3.73376	-25.6826	3.42306	2.12452	4.41227
1477010463800000	-25.6814	3.69288	4.88614	1.11904	-0.491939	lidar	0.205445	-25.6666	3.63509	-25.5737	3.64239	2.23146	4.36404
1477010463850000	-25.5647	3.90143	4.87798	1.0885	-0.501836	radar	1.12574	-25.5773	3.13316	-25.4596	3.85924	2.3366	4.31367
1477010463900000	-25.4968	4.0869	4.82035	1.07533	-0.490927	lidar	3.81993	-25.7492	3.99968	-25.3402	4.07353	2.43989	4.26125
1477010463950000	-25.3734	4.29019	4.81483	1.04647	-0.497504	radar	0.611067	-25.3516	3.75691	-25.2157	4.28514	2.54127	4.20686
1477010464000000	-25.2144	4.50566	4.84263	1.01114	-0.507643	lidar	1.99489	-25.0214	4.52803	-25.0863	4.49399	2.64071	4.15058
1477010464050000	-25.0638	4.7028	4.83441	0.986806	-0.493257	radar	8.94036	-24.2719	4.30917	-24.9518	4.69998	2.73817	4.09251
1477010464100000	-24.9452	4.8978	4.81942	0.966742	-0.488873	lidar	0.447813	-25.0363	4.88499	-24.8126	4.90303	2.83361	4.03273
1477010464150000	-24.7892	5.08922	4.82091	0.937001	-0.492753	radar	2.30409	-24.3609	4.95947	-24.6686	5.10304	2.92701	3.97132
1477010464200000	-24.6219	5.29972	4.85626	0.908835	-0.495476	lidar	0.90149	-24.5041	5.35293	-24.5201	5.29995	3.01833	3.90839
1477010464250000	-24.4502	5.47779	4.86645	0.866056	-0.52907	radar	0.948358	-24.4379	5.24592	-24.367	5.49367	3.10754	3.84401
1477010464300000	-24.2636	5.65031	4.87025	0.829267	-0.539755	lidar	1.22955	-24.1159	5.61152	-24.2095	5.68414	3.19464	3.77827
1477010464350000	-24.0975	5.81296	4.86107	0.793437	-0.558647	radar	3.22509	-24.5638	4.75836	-24.0477	5.8713	3.27959	3.71127
1477010464400000	-23.9237	5.97402	4.85042	0.762915	-0.561699	lidar	0.0572645	-23.9153	5.94377	-23.8818	6.05508	3.36239	3.64309
1477010464450000	-23.7791	6.16123	4.8172	0.770464	-0.491716	radar	4.73227	-23.5491	6.44495	-23.7117	6.23542	3.44302	3.57383
1477010464500000	-23.6113	6.31753	4.80155	0.745464	-0.492667	lidar	0.110064	-23.6471	6.29102	-23.5377	6.41227	3.52148	3.50357
1477010464550000	-23.4618	6.49332	4.78159	0.74185	-0.456594	radar	1.87734	-23.7544	6.53746	-23.3598	6.58559	3.59775	3.4324
1477010464600000	-23.2397	6.70785	4.87719	0.721916	-0.450629	lidar	4.22982	-23.0099	6.86182	-23.1781	6.75533	3.67185	3.36041
1477010464650000	-23.0442	6.85084	4.86122	0.696688	-0.446636	radar	5.56111	-22.7862	5.74143	-22.9928	6.92146	3.74376	3.28768
1477010464700000	-22.8314	7.0212	4.89955	0.672579	-0.447462	lidar	1.0326	-22.6991	7.063	-22.804	7.08393	3.8135	3.21431
1477010464750000	-22.6198	7.15606	4.90583	0.637008	-0.467588	radar	1.50584	-22.418	6.76159	-22.6117	7.24273	3.88106	3.14038
1477010464800000	-22.4343	7.30239	4.89714	0.617684	-0.46355	lidar	0.295632	-22.5083	7.31524	-22.4161	7.39782	3.94647	3.06598
1477010464850000	-22.2062	7.42703	4.93296	0.569255	-0.512084	radar	2.56572	-22.0543	7.85452	-22.2173	7.54917	4.00974	2.99118
1477010464900000	-22.0252	7.58939	4.93853	0.560022	-0.49467	lidar	2.13333	-22.1947	7.69478	-22.0154	7.69679	4.07087	2.91607
1477010464950000	-21.8413	7.75869	4.92828	0.566345	-0.442487	radar	5.81767	-21.6178	9.0351	-21.8105	7.84064	4.12989	2.84074
1477010465000000	-21.6336	7.9016	4.93919	0.548698	-0.437444	lidar	0.096938	-21.6473	7.94	-21.6026	7.98072	4.18681	2.76526
1477010465050000	-21.4426	8.0371	4.91854	0.538755	-0.418076	radar	1.65943	-21.8637	7.78661	-21.392	8.11703	4.24166	2.68971
1477010465100000	-21.2144	8.07851	4.85957	0.487505	-0.451709	lidar	4.43049	-21.0853	7.83229	-21.1787	8.24957	4.29447	2.61417
1477010465150000	-21.0225	8.23432	4.83791	0.501898	-0.385239	radar	6.50492	-20.5503	9.28616	-20.9628	8.37833	4.34526	2.53871
1477010465200000	-20.8434	8.38559	4.83529	0.50181	-0.364778	lidar	3.13684	-21.0519	8.50983	-20.7444	8.50333	4.39406	2.46341
1477010465250000	-20.6032	8.49538	4.87574	0.468402	-0.393146	radar	4.31853	-19.9265	9.40847	-20.5237	8.62457	4.4409	2.38835
1477010465300000	-20.3558	8.62976	4.92821	0.452514	-0.388054	lidar	1.35978	-20.21	8.68914	-20.3006	8.74206	4.48582	2.31358
1477010465350000	-20.1566	8.76229	4.90004	0.459536	-0.340499	radar	1.94354	-20.2277	8.8532	-20.0753	8.85583	4.52884	2.23919
1477010465400000	-19.9561	8.86538	4.87595	0.444672	-0.338636	lidar	0.604178	-20.0633	8.86724	-19.848	8.96589	4.57001	2.16524
1477010465450000	-19.7557	8.98747	4.84767	0.44905	-0.29935	radar	1.54901	-19.9264	8.78179	-19.6186	9.07227	4.60937	2.09179
1477010465500000	-19.5323	9.06007	4.82852	0.422292	-0.31224	lidar	0.620609	-19.4861	8.96665	-19.3873	9.17499	4.64694	2.01891
1477010465550000	-19.2932	9.16661	4.8624	0.403665	-0.320117	radar	4.38007	-18.5719	10.2069	-19.1542	9.27409	4.68278	1.94666
1477010465600000	-19.0097	9.25405	4.92349	0.375968	-0.331719	lidar	5.93579	-18.6786	9.19191	-18.9193	9.36959	4.71692	1.8751
1477010465650000	-18.7921	9.33887	4.90985	0.358716	-0.334396	radar	1.67952	-19.2825	8.98189	-18.6827	9.46154	4.7494	1.80429
1477010465700000	-18.5385	9.43927	4.94754	0.344503	-0.331127	lidar	0.758285	-18.4242	9.46852	-18.4446	9.54996	4.78028	1.73429
1477010465750000	-18.2742	9.46887	4.97714	0.289541	-0.394334	radar	5.81995	-18.1634	8.72444	-18.2049	9.63492	4.80959	1.66514
1477010465800000	-17.9871	9.59512	5.07131	0.284898	-0.376529	lidar	3.56059	-17.7736	9.72478	-17.9639	9.71643	4.83737	1.59691
1477010465850000	-17.7427	9.68553	5.06409	0.283885	-0.342292	radar	2.87245	-17.2296	9.97767	-17.7214	9.79457	4.86368	1.52964
1477010465900000	-17.4696	9.79317	5.12329	0.277932	-0.32915	lidar	1.36703	-17.3436	9.88109	-17.4777	9.86936	4.88856	1.46338
1477010465950000	-17.2227	9.86839	5.13013	0.263033	-0.328988	radar	0.476201	-17.1554	10.212	-17.2328	9.94087	4.91205	1.39818
1477010466000000	-16.9523	9.99171	5.19174	0.266452	-0.306524	lidar	1.6946	-16.8876	10.145	-16.9868	10.0091	4.93421	1.33408
1477010466050000	-16.6984	10.0574	5.19594	0.250144	-0.308048	radar	0.0734735	-16.5958	10.1078	-16.7396	10.0743	4.95507	1.27113
1477010466100000	-16.45	10.166	5.21803	0.252553	-0.288616	lidar	1.40424	-16.5153	10.3091	-16.4915	10.1362	4.97469	1.20937
1477010466150000	-16.194	10.2328	5.2291	0.236412	-0.294481	radar	0.568781	-16.09	10.5824	-16.2424	10.1952	4.99311	1.14883
1477010466200000	-15.9552	10.2617	5.19349	0.211601	-0.305736	lidar	0.520349	-16.006	10.1843	-15.9924	10.2511	5.01039	1.08956
1477010466250000	-15.7072	10.3275	5.18382	0.206095	-0.288631	radar	0.278432	-15.7234	10.41	-15.7416	10.3041	5.02655	1.03159
1477010466300000	-15.4812	10.3255	5.12213	0.173811	-0.308618	lidar	1.59047	-15.5699	10.1904	-15.4899	10.3543	5.04166	0.974957
1477010466350000	-15.1892	10.3458	5.18971	0.134336	-0.353682	radar	7.91495	-14.2385	10.9109	-15.2376	10.4016	5.05576	0.919692
1477010466400000	-14.9284	10.4019	5.20539	0.125389	-0.343975	lidar	0.294379	-14.9365	10.4722	-14.9846	10.4462	5.06889	0.865828
1477010466450000	-14.6824	10.4404	5.15721	0.127085	-0.300449	radar	6.49881	-14.724	9.63507	-14.7309	10.4882	5.0811	0.813394
1477010466500000	-14.4358	10.4091	5.11877	0.0886187	-0.326716	lidar	2.09345	-14.4088	10.222	-14.4766	10.5276	5.09243	0.762418
1477010466550000	-14.1752	10.4352	5.12257	0.0764094	-0.318587	radar	0.590379	-13.9005	10.5238	-14.2218	10.5645	5.10293	0.712926
1477010466600000	-13.8751	10.581	5.229	0.108872	-0.263306	lidar	8.07023	-13.8049	10.9383	-13.9665	10.5989	5.11263	0.664944
1477010466650000	-13.6191	10.6442	5.20985	0.12313	-0.213573	radar	2.24046	-13.3956	10.7857	-13.7107	10.631	5.12159	0.618496
1477010466700000	-13.3662	10.6445	5.19153	0.1008	-0.226617	lidar	0.510554	-13.3556	10.5517	-13.4545	10.6608	5.12983	0.573603
1477010466750000	-13.103	10.6708	5.20041	0.0890493	-0.228301	radar	0.210409	-12.9374	10.8137	-13.1979	10.6884	5.13741	0.530288
1477010466800000	-12.8477	10.7642	5.22103	0.105518	-0.197599	lidar	4.03425	-12.9591	11.0099	-12.9409	10.7138	5.14436	0.48857
1477010466850000	-12.5829	10.816	5.22849	0.109594	-0.17592	radar	1.45814	-12.2518	11.2495	-12.6836	10.7373	5.15071	0.448467
1477010466900000	-12.3441	10.7846	5.18128	0.0787752	-0.200138	lidar	1.8863	-12.3713	10.6091	-12.426	10.7587	5.15651	0.409997
1477010466950000	-12.0859	10.8238	5.17428	0.0832203	-0.174203	radar	0.674003	-11.9352	10.9161	-12.1681	10.7783	5.16179	0.373177
1477010467000000	-11.8384	10.887	5.17517	0.0911004	-0.156174	lidar	2.06926	-11.9451	11.0515	-11.91	10.7961	5.16658	0.338022
1477010467050000	-11.5623	10.9079	5.19853	0.0824172	-0.156758	radar	2.65187	-10.9703	10.9676	-11.6516	10.8121	5.17092	0.304546
1477010467100000	-11.3304	10.9233	5.16165	0.0731874	-0.158357	lidar	0.847105	-11.4548	10.9407	-11.393	10.8265	5.17484	0.272761
1477010467150000	-11.0669	10.8557	5.19497	0.00415434	-0.267488	radar	9.69509	-11.3472	10.5111	-11.1342	10.8394	5.17836	0.242681
1477010467200000	-10.7781	10.827	5.22508	-0.0202175	-0.279178	lidar	2.739	-10.6009	10.6823	-10.8753	10.8509	5.18153	0.214317
1477010467250000	-10.5222	10.8235	5.21762	-0.0320002	-0.275614	radar	0.169668	-10.6563	10.8369	-10.6161	10.8609	5.18435	0.187679
1477010467300000	-10.2871	10.8189	5.18549	-0.0437427	-0.273715	lidar	1.01356	-10.4142	10.8747	-10.3569	10.8697	5.18687	0.162776
1477010467350000	-10.0362	10.8753	5.14406	-0.00927774	-0.188343	radar	6.66841	-9.90413	11.2255	-10.0976	10.8772	5.1891	0.139618
1477010467400000	-9.777	10.9203	5.15799	1.08014e-05	-0.167613	lidar	2.0222	-9.83445	11.1032	-9.83809	10.8837	5.19106	0.118212
1477010467450000	-9.5422	10.9039	5.12014	-0.0123968	-0.169027	radar	4.05396	-10.195	10.3498	-9.57852	10.8891	5.19278	0.0985664
1477010467500000	-9.28302	10.928	5.13069	-0.00998912	-0.157127	lidar	0.662133	-9.3066	11.0348	-9.31887	10.8936	5.19428	0.0806865
1477010467550000	-9.03462	10.9105	5.10985	-0.0191012	-0.15227	radar	2.69668	-9.2226	10.3527	-9.05915	10.8972	5.19557	0.0645787
1477010467600000	-8.77252	10.9395	5.126	-0.0133975	-0.137791	lidar	0.973798	-8.78899	11.0707	-8.79937	10.9001	5.19667	0.050248
1477010467650000	-8.52948	10.8991	5.09946	-0.0331171	-0.149963	radar	6.48519	-8.83914	10.0319	-8.53953	10.9023	5.19759	0.0376992
1477010467700000	-8.35448	10.824	4.98003	-0.0669243	-0.178469	lidar	5.80131	-8.62045	10.6577	-8.27965	10.9039	5.19835	0.0269359
1477010467750000	-8.10147	10.8382	4.97751	-0.0559133	-0.14529	radar	1.47508	-7.91543	11.1157	-8.01974	10.905	5.19896	0.0179617
1477010467800000	-7.77826	10.8765	5.08738	-0.0410552	-0.120944	lidar	4.80762	-7.51971	11.0005	-7.75979	10.9057	5.19942	0.0107791
1477010467850000	-7.51552	10.8779	5.08704	-0.0327248	-0.0914466	radar	2.11103	-7.25987	10.6458	-7.49981	10.9061	5.19975	0.00539029
1477010467900000	-7.24317	10.8634	5.11102	-0.0389739	-0.0932486	lidar	0.522481	-7.15631	10.815	-7.23983	10.9063	5.19994	0.00179692
1477010467950000	-7.00194	10.8987	5.07676	-0.0108382	-0.0342645	radar	3.97193	-7.39396	11.0181	-6.97983	10.9064	5.2	-7.84874e-15
